post_id,comment_content,comment_like,comment_date,comment_time,sub_comment
119,3月更是堪忧，拿一年应该能赚,0,2025-03-03,09:52,0
119,你买的几只股票,0,2025-02-28,18:57,0
119,又不卖,0,2025-02-28,18:46,0
119,你又不卖怎么算亏呢,0,2025-02-28,18:46,0
120,今天6大行尾盘集合竞价都往下杀了，可能是哪个指数杀进来了，下周开会了，看看有没有要搞事情的。如果有，那6大行还要护盘。,0,2025-02-28,17:08,0
120,放水14000亿，每次放水大跌,0,2025-02-28,18:39,1
120,真是很恶心的操作了,0,2025-02-28,15:10,0
120,自去年8月以来交行股价一直往下走,0,2025-02-28,16:17,1
121,为啥这么说,0,2025-02-28,15:27,0
123,涨的最差的6大行,1,2025-03-04,13:33,0
124,地产这块有大幅下跌空间吧,0,2025-02-28,14:15,0
125,看申赎清单，持股了,0,2025-02-28,10:36,0
128,中信银行牛逼,0,2025-02-28,14:23,0
128,银行牛逼,0,2025-02-28,14:19,0
128,预增预盈牛逼,1,2025-02-28,14:05,0
128,银行，活水肥田，百业兴旺。没钱股，追泡拉泡，整定被埋得死死的。,0,2025-02-28,14:02,0
128,涨停板牛逼牛逼,0,2025-02-28,14:01,0
128,市净率0.51,0,2025-02-28,13:44,0
128,果然牛逼,0,2025-02-28,13:43,0
128,市净率0.48，靠,1,2025-02-28,10:42,0
131,五年绿，恐怖！,0,2025-02-28,15:22,0
131,今天保险板块可比寒王，一路下浅，深不见底,2,2025-02-28,13:19,0
131,怕个毛线，再跌再加。,0,2025-02-28,13:14,0
131,吹接着吹，吹到12元多就不吹了。,1,2025-02-28,12:48,0
131,越吹越跌。,1,2025-02-28,12:04,0
131,绿的发光,1,2025-02-28,12:02,0
131,绿了保险,0,2025-02-28,09:43,0
131,保险要起飞了,0,2025-02-28,03:40,0
132,银行数字化龙头300468+300348！！！,0,2025-02-28,06:44,0
133,活该,0,2025-02-28,15:09,0
135,今天又是银行护盘一天,0,2025-02-28,06:47,0
135,标志国有大行国际比进程又迈前一步，从传统银行业务增加股权投资，跟上国际投行的多元化发展。,0,2025-02-28,02:25,0
136,T反了，我也是经常T反,1,2025-02-27,15:02,0
136,问题不大，慢慢总结经验提高成功率,0,2025-02-27,15:48,1
136,我也真服了，居然有人在银行股里面做t,0,2025-02-27,14:47,0
136,稳定是稳定，但是周期太长了,0,2025-02-27,21:40,1
136,银行股反而适合做T，股价稳定，那种一天上下几个点的根本没办法判断买卖点,0,2025-02-27,16:53,1
136,都还套着没动也没T,0,2025-02-27,14:24,0
139,开卡是有工本费的，信用卡年费，信用卡日息万5。。这一套操作，一般人会用吗,0,2025-02-28,16:11,0
139,20张卡的人飘过～,1,2025-02-27,18:41,0
139,之前办个信用卡，还忸忸怩怩，卡来卡去，申请了还通不过，啥玩意儿。,0,2025-02-27,18:40,0
139,哈哈，我也是，还打电话给我原来公司询问，被原同事说离职了，然后没办成，我就呵呵了，现在舔着脸要办信用卡，不办咯，用现金自在，不要搞那些繁琐的事情。,0,2025-02-28,20:56,1
139,没有信用卡的飘过～～,0,2025-02-27,17:00,0
139,今天结束20年招行信用卡，真的太欺负人，太离谱。因为算错时间，股市提钱要次日，然后不能按时还，和客服说了，他们也同意了，结果竟然收违约金。如果算违约，我需要你同意推迟？你同意推迟几天，算违约？！算了，不用了，没啥意思！,0,2025-02-27,16:04,0
139,差一天不会收违约金吧，我也用的招行的,0,2025-02-27,17:13,1
139,我已经全部注销了。,0,2025-02-27,16:29,1
139,富豪才用信用卡，一般人用花呗,1,2025-02-27,13:44,0
139,你一涨大盘就跌,1,2025-02-27,13:31,0
139,现在银行卡吃相太难看，我有10几张信用卡全部消户。,0,2025-02-27,13:26,0
139,现在都用花呗,0,2025-02-27,13:15,0
139,"今天大家都以5.78元股价买了贵阳银行，相当于每股收益1.4元÷5.78元买贵阳银行你的5.73元净利润竟然有24.5%比自己开工厂毛利润10%净利率3%好10多倍，并且还是躺赢的躺着赚到了大钱，开工厂累死累活的最后甚至亏损了还不如买净利润率24.5%的躺赢的贵阳银行。
并且是贵阳银行累积了近10年才得到的每股未分配利润9.6和每股17元股净资产。
贵阳银行每股净资产17元股价5.80元0.36市净率极度严重罕见低估了股票...",1,2025-02-27,13:13,0
140,对待银行股我只说一点。没有“中国大妈”的定力别买银行股。,0,2025-02-28,04:31,0
140,银行集体业绩目前不佳，交行在其中，业绩缩减更为明显所以估值相对较低更为实惠,0,2025-02-27,13:36,0
140,就交行没怎么涨，所以买了，吃股息不想涨,0,2025-02-27,19:28,1
140,一个是分红高，一个是工行盘子太大长得慢,0,2025-02-27,13:28,0
140,对比一下，交行股价涨得不多，股息率高,0,2025-02-27,19:28,1
140,我入手的原因是感觉分红率比工行高。,0,2025-02-27,13:13,0
140,我觉得没怎么张性价比高点,1,2025-02-27,19:29,1
141,跌狠了就加仓呗，银行还能倒了不成,0,2025-02-27,13:56,0
142,前二天又不是见你这么说。,0,2025-02-27,11:24,0
144,两家实力不同,2,2025-02-27,09:53,0
144,这个可以有,0,2025-02-27,09:42,0
146,兄台，看着渝农商行有点掉头的意思。您怎么看？,0,2025-02-27,09:07,0
146,没什么特别感觉，正常调整,0,2025-02-27,09:28,1
148,农业银银行，交通银行先注资,0,2025-02-26,23:52,0
148,一眼假的消息，拼写都是错的，造假者都不检查一下的,0,2025-02-26,22:34,0
149,洗洗,0,2025-02-26,20:13,0
149,深挖，可能有大鱼,0,2025-02-26,19:18,0
151,7月。还要很久很久,0,2025-02-26,18:44,0
151,不急,0,2025-02-26,22:05,1
152,空,0,2025-02-26,18:56,0
158,每天都最低价收盘打下来,0,2025-02-26,15:01,0
158,真是神TM恶心，也就买了一周，已经几次收盘压价了,0,2025-02-26,15:06,1
160,成功了，赚了大几百，,0,2025-02-26,15:01,0
160,反正我就在5大行里混，邮储坚决不碰,2,2025-02-26,14:40,0
160,我就喜欢邮储银行,0,2025-02-26,15:25,1
160,我也坚决不碰，邮储是我唯一一个亏过钱的银行,0,2025-02-26,15:02,1
162,大盘跌也跟着跌，大盘涨也不怎么涨。买了后连跌5天,0,2025-02-26,14:18,0
162,而且几五天里有三天是尾盘还要跌几分钱，绝了，太烂,0,2025-02-26,15:01,1
162,这行情难搞，刚买华泰就看到中银大涨,0,2025-02-26,14:52,1
165,牛13,0,2025-02-26,14:29,0
165,我是7.28卖出一部分7.23接回来的，能替5分感觉就很好了,2,2025-02-26,13:34,0
165,你预判在多少接回来,0,2025-02-26,13:23,0
165,下午没接他，5.38接的中国银行，也不知对错,0,2025-02-26,14:38,1
165,空口白牙，骗子,0,2025-02-26,12:06,0
165,5天线在7.30，7.29左右，我挂7.28很正常啊,0,2025-02-26,12:24,1
165,信不信由你，反正赚了差价又不给你花,0,2025-02-26,12:23,1
169,跌的时候好像洪水一样，涨就老牛拉车,0,2025-02-26,11:30,0
169,下那么快,0,2025-02-26,10:55,0
171,熟悉的味道，熟悉的配方,0,2025-02-26,10:21,0
173,快到我的目标价了，准备1000块建仓,0,2025-03-05,08:32,0
175,我和你一起等,0,2025-02-25,20:32,0
175,7.02元正常情况不可能跌得到。,1,2025-02-25,20:00,0
175,这股23号没有分红吗,0,2025-02-25,19:09,0
175,23号是港股交通银行分红，A股交通银行小年分了红,0,2025-02-26,09:16,1
175,分了啊,0,2025-02-25,19:34,1
175,贵阳银行净资产16.40元。未分利润9.40元。股价5.73元,0,2025-02-25,18:49,0
175,你是贵阳银行大股东？哈哈，我对城商行不太感兴趣,1,2025-02-25,18:51,1
175,几大行交行走势最弱,0,2025-02-25,18:01,0
177,成本多少,0,2025-02-26,12:54,0
177,加仓加早了 目前亏一点 应该问题不大,0,2025-02-25,17:26,0
177,你要是不准备卖出，你就不怕了,0,2025-02-25,19:02,1
177,投资就是这个样子,0,2025-02-25,16:12,0
177,是的，俺也一样，当存款一样，管他涨跌,0,2025-02-26,12:29,1
177,嗯，不错，你说的有道理,0,2025-02-25,19:02,1
178,7.28 ？ 去你的吧 ！！！,0,2025-03-05,06:53,0
178,笨 ！有钱不懂买酒给我喝 ？,0,2025-03-05,06:51,0
178,招商银行我没有拿住，38卖了，可惜,0,2025-03-07,18:37,1
178,那就翻倍了,0,2025-03-07,09:55,1
178,看明天北京两会的行情啦 ！！！,0,2025-03-04,19:58,0
178,t飞了下午买点点回去，后面跌了在买,0,2025-03-05,11:41,1
178,好股,1,2025-03-02,16:15,0
178,真是个好股，希望今年突破,0,2025-03-02,16:17,1
178,唉 7.28进了27000股，自从买进就一直跌,1,2025-02-28,22:46,0
178,今天改正错误了，7.19.20全部买回来,0,2025-03-06,19:46,1
178,应该会跌下来一点,0,2025-03-05,12:55,1
178,"交通银行的关注度明显低于四大行，源于今年大家都意识到银行股的好了。
这可能是导致交通银行今年还没有独立行情的情形出现，甚至走得更差，不及平均了。
2月结束了，居然还亏8000。这是我始料未及的。3月没有好转的话，重心会放到工行那边去。",0,2025-02-28,08:41,0
178,交通真是差,0,2025-03-03,11:37,1
178,今天全部暴跌，银行还算好的。721接的不错,0,2025-02-28,19:38,1
178,728回本了，多2分它也不给你。,0,2025-02-26,10:22,0
178,你这谜之操作呀,0,2025-02-27,15:26,1
178,我哪能全卖了，我就是T人729犹豫了好久，730终究还是没得上去。,0,2025-02-27,08:23,1
178,"交通今年是真不争气，前两天咱俩说的时候还挣了点，这转眼又回解放前了。
这周应该有个差不多的反弹，至于啥时候能回749这个点，就不好说了。
策略就是接着舞接着奏
这熟悉的下跌感觉是找到了，能不能涛声依旧找到反弹的节奏就看这周了。",0,2025-02-25,20:53,0
178,你也卖一半，去年的8卖出没有,0,2025-03-06,19:56,1
178,都23了T啥……,0,2025-03-05,10:28,1
178,我现在本在7.13,0,2025-02-25,20:42,0
178,昨天不就涨回来嘛哈哈哈,0,2025-03-06,08:34,1
178,再跌就亏了 ？！,0,2025-03-04,18:17,1
178,我7.43的本，，，,0,2025-02-25,15:14,0
178,交通等等呗，好歹你得放到7.8吧,0,2025-03-07,12:22,1
178,今年买了南银，交银，平银。一个也没赚。所以想放弃了。,0,2025-03-07,12:14,1
178,昨天7.3加的，今天7.19又加,0,2025-02-25,15:13,0
178,资金宝贵的 ！,0,2025-03-05,06:54,1
178,明天挂7.12买,1,2025-02-25,15:41,1
181,又不是只有交行在跌，工农建中邮都在跌,0,2025-02-25,16:01,0
182,难道净资产是假的？,0,2025-02-25,17:06,0
184,我开年赚的两天还给他了,0,2025-02-25,17:52,0
185,靠,0,2025-02-25,14:46,0
188,走势弱,0,2025-02-25,14:19,0
190,明天银行会大涨吗？,0,2025-02-25,20:13,0
190,大涨不会让散户知道，都是悄咪咪的涨，涨完了再发消息公告,0,2025-02-26,03:49,1
190,一场全民拜神闹剧，散场后一地鸡毛！,4,2025-02-25,20:01,0
191,难熬,0,2025-02-25,13:05,0
192,去年7月份还比工行高1块5，现在和工行就差3毛了，真离谱，这欠的涨幅还能涨上去吗,0,2025-02-25,14:52,0
192,加早了，明天我再加,0,2025-02-25,14:47,0
192,7.17加仓了。反正持股收息，也不介意,0,2025-02-25,14:45,0
192,牛逼,0,2025-02-25,14:42,0
192,加早了,0,2025-02-25,14:38,0
194,多头大战空头,0,2025-02-25,09:34,0
194,看形势不容乐观,1,2025-02-25,09:25,0
195,最近是大盘涨银行跌，大盘跌银行也跌,0,2025-02-25,10:12,0
195,现在行已经起不了什么作用了,0,2025-02-25,09:39,0
199,可以慢慢开始加仓了，迟早能上去的,0,2025-02-25,11:09,0
199,已经分红了吗，为啥没信息,1,2025-02-25,10:31,0
199,好好拿着,4,2025-02-25,10:26,0
199,刚入的3万股，7.3,0,2025-02-25,00:46,0
199,别着急，解套就最近,0,2025-02-24,22:57,0
199,2毛钱哭个毛啊！,0,2025-02-24,21:51,0
199,买了40万兄弟,0,2025-02-24,21:55,1
199,7.06,0,2025-02-24,20:44,0
202,跑,0,2025-02-26,11:42,0
202,早上没跑，看来是699缺口去的,0,2025-02-25,15:39,0
209,上海的拆迁款，，是不是到账了，，这么个涨法#高盛：A股有望在未来三个月内反超港股#,0,2025-02-24,14:20,0
209,汇丰控股下跌，那叫瞒不住了,0,2025-02-24,11:54,0
209,拆迁款编题材讲故事的典型,0,2025-02-24,14:10,1
210,耐心，H股交行如用港股通来买卖，股息已经低于A股,0,2025-02-24,18:24,0
210,有没有可能其他消费类股息率不仅高，营业收入还有可观增长,0,2025-02-24,11:45,0
210,中石油和中石化股息率更高，煤炭也差不多，但这些最近都在创阶段低点,0,2025-02-24,11:34,0
210,煤炭创新低的原因是利润腰斩，甚至更多,0,2025-02-24,17:00,1
210,石油的股息率哪有这么高，煤炭是真高，但是煤炭一直创新低,0,2025-02-24,11:41,1
210,7.3补了没想现在还低,0,2025-02-24,11:24,0
211,低空，农业接力,0,2025-02-24,11:19,0
212,问题交行没涨还领跌,0,2025-02-24,11:22,0
213,买了后连跌五天，我这运气,0,2025-02-24,10:52,0
215,今天高开了吗？其实应该是疲于奔命吧,1,2025-02-24,09:59,0
215,我就是这样,0,2025-02-24,09:57,0
217,说的对，不过买银行股的一般都是懒人,0,2025-02-24,15:28,0
217,韭菜思维,0,2025-02-24,14:41,0
217,银行股我就是底仓不动，活动的仓位涨一个点卖出100手，跌一个点买100手，一直这么做，比放着只拿分红稍微好点，还有点事情干…有你说的这本事，什么股票都可以发财，问题是能买的你说的这么准嘛…,1,2025-02-24,14:31,0
217,就是，有这判断能力巴菲特都不算啥。,0,2025-02-24,17:15,1
217,说的有道理,0,2025-02-24,10:18,0
217,这些天天想做T的，真的认为可以将股市当取款机？你认为干的过主力？,0,2025-02-24,09:11,0
217,股民掌握好节奏庄就是韭菜，所以最后逼的它们连续拉高造成场内卖出的不敢追来吸引场外的韭菜接盘,0,2025-02-24,16:24,1
217,全交成税了,0,2025-02-24,13:43,1
217,牛不牛看银行，如果中国资产要重估，银行必然会回到净资产之上，银行的大幅度打折是资产重估的最大障碍，不可能长期如此。,1,2025-02-23,11:18,0
217,你这样玩 一次套 就得站岗几个月,0,2025-02-23,10:54,0
217,你都买银行股了，还在乎套这几个月？,1,2025-02-24,14:00,1
217,你能做到卖在最高点，卖在最低点吗？吃股息，省心又稳定，高了就看看，跌了就不管，只有分红时过来找机会复投，多省心呀,4,2025-02-23,10:05,0
219,问题来了，怎样知道银行何时会涨,0,2025-02-22,12:23,0
219,轮到国企股涨涨！,0,2025-02-22,12:18,0
219,你这话的逻辑有问题，你这个意思分明是正向指标！,0,2025-02-22,12:03,0
219,,0,2025-02-22,13:55,1
224,交行多少适合入？,0,2025-02-22,15:43,0
224,去年跌到6.30吧……,0,2025-02-24,16:58,1
224,港股的交行创新高了，还以为A股的这个股票也会呢。结果龙头是工行。,0,2025-02-22,06:39,0
224,大神这资金量光股息就能退休了，盈亏只是纸面的了,0,2025-02-21,17:27,0
224,对的，到银行都没钱赚，钱存在家里也是废纸了,0,2025-02-25,16:42,1
224,我想法和你一样。如果五大银行都挣不到钱，我不知道还有几个行业能赚钱的。,0,2025-02-25,15:57,1
224,两只都加了吗？,0,2025-02-21,16:14,0
224,你这不是交通一只的盈利吧,0,2025-02-21,15:47,0
224,交通的股息率现在是这三个里最高的，我拿过3年。,0,2025-02-21,17:29,1
224,说不定今年就涨了,0,2025-02-21,17:24,1
226,这是今年其中一个账户大幅回撤的情况，哈哈,0,2025-02-23,20:57,0
226,这是去年其中一个账户的收益率，哈哈,0,2025-02-23,20:53,0
226,第一次晒图,0,2025-02-23,20:58,1
226,上图,0,2025-02-21,14:39,0
226,2.2的本，上面计算错了,0,2025-02-21,14:33,0
226,也很牛，哈哈,0,2025-02-23,14:04,1
226,我3块多的本,1,2025-02-23,12:13,1
227,行长刚吃了两倍量的伟哥 ！！！,0,2025-02-21,20:05,0
230,没毛病。股市是神奇的地方。它有可能跌到6元也有可能涨到10元。,0,2025-02-21,13:13,0
230,做梦呢你。。。,0,2025-02-21,11:36,0
231,鸡多少钱都无所谓，只要它能下蛋就行,1,2025-02-21,16:47,0
231,5.8买入持股一年半，除权5.25,0,2025-02-21,11:55,0
231,养老股，年化5分红，跌破成本就加仓,0,2025-02-21,11:29,0
231,反正我是超过5％分红就加，没有就不加，也不做T,0,2025-02-21,16:06,1
231,不跌破成本就不要加仓吗？现持股数太少了，不知道应该怎么操作,0,2025-02-21,11:35,1
231,7.06,0,2025-02-21,11:21,0
231,卖给我吧,0,2025-02-22,11:17,1
232,赚钱要耐心,0,2025-02-21,14:17,0
232,说的很对，必须要有耐心,0,2025-02-21,14:50,1
232,吃股息绝对是靠谱的，有涨升更好了。,0,2025-02-21,11:48,0
232,吃股息，靠谱吗,0,2025-02-21,11:11,0
232,散户都想涨上去卖掉就好，你买入时候是7.5元，跌到6.8元，涨到7.4卖掉？不会，还想涨，涨到7.5元，是我买入价，卖掉心不甘，继续持有吧,0,2025-02-22,14:17,1
232,涨上去卖就好,0,2025-02-21,13:27,1
233,别急，一会更低,0,2025-02-21,10:53,0
233,逢低加仓…,0,2025-02-21,11:51,1
234,你说呢，必定有机会啊，6.88,0,2025-02-21,10:49,0
235,周一跳空低开大爆跌,0,2025-02-21,12:16,0
235,7.68元实施风险警示措施,0,2025-02-21,10:43,0
235,汇丰控股下跌，那叫瞒不住了,0,2025-02-24,11:49,1
237,走了 这股没戏,0,2025-02-21,10:26,0
237,明智的选择,0,2025-02-21,12:03,1
237,我预计今天可能会跌1.5%，保守点挂的7.35居然这么快就接到了，看来还是过于保守了,0,2025-02-21,10:22,0
237,我挂了30，没买到,0,2025-02-21,10:42,1
237,今天怎么样，是不是接了一头的包？,0,2025-02-21,10:21,0
237,又套了,0,2025-02-21,10:21,0
237,你贪得无厌，怎么可能不被套，那是迟早的事情！,0,2025-02-21,10:26,1
237,今天接，八成会被打肿,0,2025-02-21,09:52,0
237,加高了,0,2025-02-21,10:23,1
238,已经思密达了么 ！！！,0,2025-02-21,20:03,0
238,周一跳空低开大爆跌,0,2025-02-21,12:15,0
238,把我一个逻辑就行，资金是一定的，其他板块上去了，银行必然下来,0,2025-02-21,13:16,1
238,我觉得应该是欧巴了,0,2025-02-21,09:53,0
238,你说甚？,0,2025-02-21,09:22,0
238,是的,0,2025-02-21,21:55,1
238,持有不动 ！不管涨跌 ！！！,0,2025-02-21,20:02,1
240,知道啦知道啦！用信用卡的人有几个是有钱人？信用卡越少风险越小！,0,2025-02-21,07:08,0
243,嗯 你买多点,0,2025-02-20,12:54,0
246,你看见巴菲特每天做T吗,0,2025-02-21,12:42,0
246,关键是你是如何判断买卖点的，是V还是跳水完全不知道啊，有什么经验吗，我就T亏T飞过不少次。看工行建行2.18-2.19走势，每一个高点都比之前低，还刚创了新高，我感觉大行今天应该会一路下跌，结果并没有，而且交行今天最高才7.45对比7.42也不算冲高吧。,0,2025-02-20,17:25,0
246,你如果有利润 就不怕卖飞 卖飞是建立在亏损的基础上 拉高卖 低接回是永恒主题 一个票肯定跌比涨的时间要多 你会有无数机会接回,0,2025-02-20,18:44,1
246,我正好和你相反，每天下来就接点，拉高卖,0,2025-02-20,15:30,0
246,中期看好的股做踢，中期没有啥风险。,0,2025-02-20,11:59,0
246,我也做反成本升高,0,2025-02-20,11:15,0
246,那就是中期不看好呗，你换别的股最好,0,2025-02-20,10:41,0
246,你是正确的，我懂了,0,2025-02-20,10:36,0
246,做的越多，错的越多,0,2025-02-20,10:20,0
246,你是正确的，我明白了现在，为什么我总是亏，因为我总是高吸低抛……,0,2025-02-20,10:48,1
246,我有利润 不怕试错 你被套着 还不动起来 只会越亏越多,0,2025-02-20,10:36,1
249,"从解禁量来看，2家公司解禁股数超千万股。中国电信、田野股份、钒钛股份解禁量居前，解禁股数分别为573.77亿股、2812.52万股、397.7万股。
从解禁市值来看，2家公司解禁股数超亿元。中国电信、田野股份、德瑞锂电解禁市值居前，解禁市值分别为4624.59亿元、1.4亿元、2518.6万元。
从解禁股数占总股本比例来看，1家公司解禁比例超10%。中国电信、田野股份、德瑞锂电解禁比例居前，解禁比例分别为62.7%、8.59...",0,2025-02-20,09:52,0
249,17元1股，，马斯克官宣“下一目标”：正考虑审计美联储！#万科再度拉升！地产板块发生了什么？#,0,2025-02-21,09:50,1
249,外币银行卡业务无特别对象，境内的客户都能开外币银行卡。《关于港澳银行内地分行开办银行卡业务有关事项的通知》（以下简称《通知》），自2025年3月1日起实施。,0,2025-02-20,17:37,1
250,这么坚定为什么不融券做空？,0,2025-03-05,15:48,0
250,你进了就会跌到5块,0,2025-02-20,08:45,0
250,你千万不要进来啊 我收益快破60%了[嘻嘻],0,2025-03-05,15:13,1
250,那你不就发财了,1,2025-03-05,08:36,1
252,没错，银行板一路长虹，还要涨三年,1,2025-02-20,11:48,0
252,说什么竞争呢？真的好大的一个“？”。看懂的接着发,0,2025-02-20,10:59,0
252,倒霉买了垃圾浙商银行,1,2025-02-20,07:13,0
252,总会涨的,0,2025-02-20,11:16,1
252,这股我从新股申购到现在，从破发到现今从没挣过钱，可耻啊！倒霉股。。。,0,2025-02-20,11:01,1
252,再没有比这个股票垃圾了。离发行价格还差一大截。,1,2025-02-20,07:07,0
252,主要是23年2元配股几十亿现在等着收割，原始股东的更不用说，散户等着吧,0,2025-02-20,09:53,1
252,再没有比这些人更垃圾的了，把自己关注甚至持有的股票评论为垃圾！如果它是垃圾股，你不持有不关注就好了！,0,2025-02-20,09:29,1
252,垃圾中垃圾,1,2025-02-20,06:51,0
252,中的战斗机,1,2025-02-20,07:07,1
255,$交通银行$关于交通银行，或者说信用卡，真的很有话说，我的信用卡到期了，自动给我寄一张到原来的地址，也不给你电话确认，寄到了，然后我打电话过去，给我说你不收就行了，但是问题是你交通银行能确保我的信用卡不被别人用嘛。后来这个事情我投诉了几次，最终给我的解决方案是经过我再三要求，发了一份邮件来确认我的卡回收了。真的服务需要更上一层楼啊以后。,0,2025-02-19,22:11,0
255,怪说不得交行进不了四大行之列～,0,2025-02-19,21:39,0
257,应该亏傻了,1,2025-02-19,15:41,0
257,应该亏傻了 乱跑出来咬人,1,2025-02-19,15:23,0
257,恭喜这位狗，明天脱裤子，弹射亏损,1,2025-02-19,15:11,0
257,飞的越高摔得越惨，要想灭亡必先癫狂,0,2025-02-19,14:44,0
257,没事，银行就是在成长股行情走完时护盘用的，成长股涨的时间长银行跌的时间就长，成长股跌的时间长银行涨的时间就长。,0,2025-02-19,14:42,0
262,只做正t，银行也不怕被套,1,2025-02-19,14:35,0
262,最简单的办法就是报涨停板价位卖出 ？！！,0,2025-02-19,12:52,0
262,你看去年6.3最低我吓得卖出了一部分，后面接回来,0,2025-02-21,20:00,1
262,三记屁股 ！！！,0,2025-02-21,19:55,1
262,最简单有效的办法就是不要泡股吧。,0,2025-02-19,12:23,0
262,很简单，就是你买完了，不涨就是不卖，卖完了，不跌你就是不买,2,2025-02-19,12:23,0
262,开盘价卖出7成 低开接回 直接降低成本,0,2025-02-19,12:22,0
262,这种都是先买后卖,0,2025-02-19,15:16,1
262,那就等 总会跌回来让你接 如果不跌回来一路向上 那就认命吧,0,2025-02-19,13:04,1
264,破7.5元就走了,0,2025-02-19,11:15,0
264,2月19日，汇丰控股（00005）发布2024年全年业绩报告。 　　在业绩方面，报告显示，在2024年，汇丰控股的收入为658.54亿美元，较2023年减少2.04亿美元，降幅0.30%。,0,2025-02-19,18:30,1
264,热烈庆祝交通银行，，下跌开幕,0,2025-02-19,18:02,1
268,，万科A盘中涨停，已连收4个涨停板，截至9:32，该股报10.69元，换手率0.35%，成交量3360.00万股，成交金额3.59亿元，涨停板封单金额为11.74亿元。连续涨停期间，该股累计上涨46.24%，累计换手率为18.95%。最新A股总市值达1039.52亿元，A股流通市值1038.74亿元。,0,2025-02-19,09:53,0
268,万科A（000002）1月27日晚间披露2024年度业绩预告，预计2024年归母净利润亏损450亿元，上年同期盈利121.63亿元；,0,2025-02-19,09:48,0
268,5、万科未对万新金石（厦门）住房租赁基金构成控制，该基金不纳入万科合并报表范围。,0,2025-02-18,19:07,0
268,最后1个月万科20个涨停总有吧，，这个日子才可以清仓走呀“20万科02”赎回登记日：2025年3月14日。,0,2025-02-18,19:25,1
269,大师兄说的对啊！,0,2025-02-19,02:58,0
269,那些人看不上银行股这三瓜两枣，殊不知慢的才是快的,1,2025-02-18,23:16,0
269,这句话是对的，在股市快就是慢，慢就是快，懂得人自然懂,0,2025-02-18,23:55,1
269,对啊……,0,2025-02-18,22:38,0
270,截至今日10时，《哪吒之魔童闹海》全球票房已突破121.93亿，位列全球影史票房第9名。,0,2025-02-18,14:55,0
270,汇丰控股下跌，那叫瞒不住了,0,2025-02-24,11:49,1
270,周一跳空低开大爆跌,0,2025-02-21,12:18,1
270,半个小时，，昨天光线传媒，就是明天的交通银行,0,2025-02-18,14:54,0
270,万科A（000002）1月27日晚间披露2024年度业绩预告，预计2024年归母净利润亏损450亿元，上年同期盈利121.63亿元；,0,2025-02-19,09:49,1
274,你是从2012年开始进来银行股的吗？？ 我不信#五金融机构股权划转至中央汇金，如何解读？#,0,2025-02-18,14:44,0
274,把时间拉回，一年或者二年去比较五大行，交行一点也不弱。我已经持有两年还继续待有,0,2025-02-18,12:41,0
275,不涨的银行股才是好股，国有行里姣姣是最好的，本来以为可以回到6.5元，结果7元都没破就不得不上去了，郁闷,0,2025-02-20,08:24,0
275,不知为啥，我也是挺喜欢交行，持有它最多，今年他最差，绿的,0,2025-02-18,17:08,0
275,差就差呗，7.2以下我还要买5万股呢！！别涨,0,2025-02-18,15:21,0
275,我也一样,0,2025-02-18,12:33,0
276,你是不是改名字了,0,2025-02-18,11:46,0
277,改成五大银行了，其它5个都创新高了,0,2025-02-18,11:12,0
279,交行这可咋办呢，今年就你绿，只能拿着吃股息,0,2025-02-18,17:04,0
279,不弱，十年涨了三十多倍了，弱吗,0,2025-02-18,16:47,0
279,比四大行差这么多，那不就对了，后面业绩上来了，反弹的空间就大，三季已经明显好转并且正数，只要四季不差，可望与上一年持平,0,2025-02-18,16:18,0
279,今年交行是绿的，其他都盈利,0,2025-02-18,11:14,0
281,8.03的时候估计你又不想卖出吧,0,2025-02-18,19:36,0
283,你没想到的还很多,0,2025-02-18,10:24,0
283,还会跌下来,0,2025-02-18,10:32,1
284,真有人想买银行发财啊？不就躺里面吃利息的吗,0,2025-02-18,23:06,0
284,几大国行股息率最高？按今天收盘价，也就交行过了5%，国行股息支付率很稳定到是真的。,0,2025-02-18,23:01,0
284,会到7元以下吧，我再进10万股,0,2025-02-18,17:40,0
284,什么情况,0,2025-02-18,10:35,0
284,是哦，要是还这样的话估计5.1前要被工商银行超过了,0,2025-02-18,10:25,0
287,不容易呀,0,2025-02-18,11:12,0
287,我是不到4元的本，准备靠他养老了。,0,2025-02-18,11:00,0
287,请问如何降成本降低？目前价格都高于成本价,0,2025-02-18,15:03,1
287,还亏着呢，哪来的填权，宇宙行都新高了,0,2025-02-18,10:33,0
287,7.559才填权吧,1,2025-02-18,09:49,0
287,是7.4就填权了，我算错了,0,2025-02-18,10:27,1
287,为什么是7559,0,2025-02-18,10:12,1
288,要回本多拿几年吧,0,2025-02-18,14:27,0
288,成本4块开心的路过,0,2025-02-18,10:49,0
288,为什么要救你？,0,2025-02-18,10:01,0
288,做的什么t啊。。,0,2025-02-18,09:54,0
288,不要信他，每天都这么说，你点他主页你就能看到，他把分红的钱当做他的成本再算，每天都在说他的本是8.03,1,2025-02-18,10:47,1
289,这点涨幅也叫急吗,0,2025-02-18,09:48,0
292,事出反常必有妖！,0,2025-02-18,07:39,0
293,香港开不了户了,0,2025-02-17,22:12,0
293,你忘了他是要交税的，大哥，20％的税，除非你去香港开户，港股通不划算,3,2025-02-17,16:17,0
293,帖主怎么不介绍清楚 ？！,0,2025-02-18,08:21,1
294,就你那点钱，别发帖了,0,2025-02-17,21:54,0
294,就你那点钱，别发帖了,0,2025-02-17,21:34,0
295,是不是真的啊？救救我,0,2025-02-17,14:27,0
295,你是哪壶不开提哪壶,0,2025-02-17,15:52,1
295,是真的，但是到你8的价格早了,0,2025-02-17,14:57,1
298,指数看空。又给抱团假拉涨诱多。果断落袋银行，布局超跌绩优破净标。,0,2025-03-03,10:12,0
298,伙计，攻，攻，逆攻。你再看我的布局银座股份。历史巨量底，一字逆洗１个月，昨天出现１.３％低振幅。压不住节奏,0,2025-02-27,13:10,0
298,"你打算那么多字
不关注银行股 没必要敲那么多字",0,2025-02-26,11:24,0
298,银行是国队抱团派发。参照后期白酒走势,0,2025-02-26,10:39,0
298,银座来回操作，吃了一轮又一轮了。,0,2025-02-25,11:02,0
298,老享，银座23年至今跌6分，几年红包共3分钱，你蚀死未吖？,0,2025-02-17,16:42,0
298,每次出去就亏 还是老实在银行呆着吧,1,2025-02-17,14:14,0
298,托，半导体才是报团股,0,2025-02-17,14:07,0
298,5，10，20，60，90，120，240均线都上升趋势,0,2025-02-17,13:55,0
298,17日农业银行,0,2025-02-25,11:39,1
298,这是紫金银行么,0,2025-02-25,11:26,1
298,你不买它就继续涨，哈哈哈哈,1,2025-02-17,13:40,0
299,这样蛮舒服的,1,2025-02-17,13:36,0
300,如果之前就是亏损那你一卖岂不是成本价又变高了,0,2025-02-17,15:27,0
300,你捏着就好，跑进跑出干嘛？,0,2025-02-17,15:07,0
300,韭菜,0,2025-02-17,14:57,0
300,2分差价做T？,0,2025-02-17,12:28,0
300,幸亏你卖了，你不卖不涨谢谢，这水平买啥银行股也太可怜了,0,2025-02-17,14:58,1
300,你不懂了吧，我是做大趋势的，不考虑这种小波动！没有大趋势，我只做风控！做风控很难赚钱的，一般都会高买低卖,0,2025-02-17,13:19,1
302,每天都来唱空，你是机器人吗？哈哈,1,2025-02-17,15:40,0
302,不是分红了吗，成本应该会低一点吧,0,2025-02-17,11:54,0
302,强烈支持你割了这个烂交通去买四大行,3,2025-02-17,10:43,0
302,做T做T，交通银行跌了2个月，但是我在交通赚了4万,0,2025-02-17,10:31,0
302,看情况吧，压力线迟迟不破就卖了,0,2025-02-17,13:11,1
302,t 几分？,0,2025-02-17,11:23,1
302,8.03本，倒t王者，你确定你买四大能赚吗,2,2025-02-17,10:19,0
302,今天又去7.27卖了，继续做高成本，真的人才,0,2025-02-17,15:00,1
302,人家低买高卖，你高买低卖成本能不涨嘛,0,2025-02-17,11:11,1
303,完美对冲呀,0,2025-02-17,13:01,0
303,我交行和东财都是套的,0,2025-02-17,10:32,0
303,大周期向上，短期震荡，东财前期涨的太猛，需要时间消化套牢盘,0,2025-02-17,10:41,1
304,打不过 汇金，重仓 躺平 任其 怒割。,0,2025-02-17,11:29,0
305,没事，跌也跌不到哪去,0,2025-02-17,14:18,0
305,不到最后，不知道谁裸泳的,1,2025-02-17,10:18,0
305,还套着,0,2025-02-17,10:15,0
305,救救我,0,2025-02-17,10:09,0
305,挂8.03卖就解套了,0,2025-02-17,10:16,1
306,追加3200股,0,2025-02-17,22:55,0
306,哎,0,2025-02-17,09:59,0
311,"，法官指示取消中国恒大控股原定于2025年3月12日举行的清盘呈请聆讯，并改为于2025年2月17日举行。
2025-02-18 12:48:18
是恒大地产主要投资平台及唯一海外融资平台，主要负责支持恒大地产国内及海外发展项目之海外融资。 　　天基控股为景程有限公司（天基控股附属公司及中国恒大成员公司）所发行若干境外优先票据的担保方。清盘人认为，针对天基控股的清盘呈请符合债权人及其他持份者的利益。",0,2025-02-18,12:53,0
313,有事做比无所事事好,0,2025-02-16,20:14,0
313,交通，还能传给孙子,0,2025-02-16,16:19,0
314,8.03的本，应该减中期分红，没那么高成本价了,0,2025-02-16,18:21,0
314,而且你看日K最高峰才7.88，然后万分之五的佣金+过户费也才7.888的成本，他硬生生的玩到了8.03，你信他8.03的本嘛，我有点不信,0,2025-02-17,11:17,1
314,你看他以前的评论，他觉得他所有的分红也算到了他的成本里面了,0,2025-02-17,09:39,1
314,你确实是个人才,2,2025-02-16,12:24,0
314,中国证券金融股份，持有交通银行股份才2.55%，中国证券金融股份划转66%股份给汇金，你看下1季度报里面股东是中国证券金融股份还是汇金，不要高兴太早， 你的8.03元的本到底是1.24分红前的还是分红后的,0,2025-02-16,12:09,0
314,而且你看日K最高峰才7.88，然后万分之五的佣金+过户费也才7.888的成本，他硬生生的玩到了8.03,0,2025-02-17,13:40,1
314,他对成本的理解很神奇,0,2025-02-17,12:15,1
314,笑而不语,1,2025-02-16,12:04,0
315,想多了吧,0,2025-02-16,09:45,0
316,我的这两个怎么样，24年从A股交行工行换到港股建行工行,2,2025-02-15,23:35,0
316,只要不乱动比谁都强,0,2025-02-17,10:57,1
316,我22年低位梭哈交通银行，每年定投1W股，24年8月中旬高位抛5w股，现留10w做底仓，从今年开始继续每年定投1W股，现阶段高可以抛，低可以吸，真宗好的防御品种。,1,2025-02-15,23:19,0
316,我持有交通银行5年，只要坚持长期持有，一定会胜利的,2,2025-02-15,20:46,0
316,确实不错，我也有很多交通银行。大多数是2022年上半年买的，还有一些更早买的。,2,2025-02-15,19:34,0
316,能透露下，很多是多少吗？,0,2025-02-15,21:53,1
316,现在的股息率没前几年高了，股价涨起来了，买的早的人要开心了，既买在低位又享受过高股息,1,2025-02-15,15:58,0
316,嗯，赞同，但是现在相对于存款利率，交通股息也是高的，这就是我坚持的理由，另外就是持有耐心做t也舒服，比外面惊涛骇浪来的舒服,0,2025-02-15,16:01,1
316,炒股以来，只有满仓是六大行才会让我很安心的睡觉，即使亏了也不担心，这种感觉也许只有持有的人才能体会,2,2025-02-15,15:30,0
316,似的带我穿越了22-23-24年，没让我输过,0,2025-02-15,21:36,1
316,之前从工商银行换到交通银行确实是亏了，差不多差了十个点，不过也无所谓，继续无脑怼交通,0,2025-02-15,15:27,0
316,目前已经达到了我资金购买的极限，但不是我这辈子的极限，六大行总有一个是要一辈子去复投的,1,2025-02-15,15:23,0
316,目标一样,0,2025-02-16,19:43,1
317,ao,0,2025-02-15,16:32,0
318,有茅台高吗？有片仔癀高吗？踏空就踏空了，说了又不会有别人说你,0,2025-02-15,15:25,0
319,看自己，你喜欢哪个就买哪个，我目前六大喜欢交通,0,2025-02-15,15:34,0
321,希望快点，这样汇金就可以直接下场买交通了,0,2025-02-15,09:23,0
322,我早就说过每一轮行情来了中集都不会让股民失望过，更何况它还处于破凈中。这个不是估值被低估？还有谁呢？,0,2025-02-16,22:06,0
322,利好就是股价不涨！！！,0,2025-02-16,04:25,0
322,这是哪跟哪？赞歌唱的是谁？,0,2025-02-15,08:27,0
326,中期分红已到账，招商证券。,0,2025-02-17,20:55,0
326,投资的最终目的不是得到现金分红吗？,1,2025-02-17,16:10,0
326,分红多了股价才高,0,2025-02-16,00:54,0
326,分红是获取投资收益的主要途径之一， 有利润可分、 和股东们分享收益，是经营良好、稳健的表现。,0,2025-02-16,08:27,1
326,以前买过交通银行股票！4元之下买进了差不多12万妖股股数。一直都是重仓吃进！有钱就买一股不卖！看了财报！确实是好股票呢！自己默默发大财！不需要公布！,2,2025-02-15,23:22,0
326,一两年之内分红其实没啥用,0,2025-02-15,09:04,0
326,你就想偷个鸡，当然对蛋不感兴趣 ，更没耐心等鸡下蛋。有这功夫，鸡都不知道吃多少只,1,2025-02-15,12:21,1
326,上市公司持续稳健盈利（每年每股盈利 1.00元、现金分红 0.33元，现金牛型企业）， 早点儿晚点儿都会填权的。,0,2025-02-15,11:35,1
326,让人家说有啥关系，难道你还想要教会他们，又没人给你教学费,0,2025-02-15,01:46,0
326,佛陀也只渡有缘人,1,2025-02-15,11:30,1
326,懂得不用说，说了也不懂！,1,2025-02-15,00:51,0
326,看看吧，分红分的是什么钱？https://mguba.eastmoney.com/mguba/article/0/1505255716?shareid=51e44037adad4de3971e63a07cae83e5&mode=1001,0,2025-02-14,23:57,0
326,今天中期派息，每股派人民币 0.182元(相当于港币0.196704元)，周一收盘后可到账 7280元。,0,2025-02-14,23:12,0
326,图片评论,6,2025-02-14,22:47,0
326,你很优秀,0,2025-02-16,23:53,1
327,这是转触通的源头。,0,2025-02-17,19:23,0
327,"这个事要一分为二看！
首先，全部划转汇金后，明显是加强了统一指挥和利用，加强了市场话语权和导向作用。
但是，应同时注意以下问题：
第一，导致市场活跃度降低。因为一枝独大，所以没有资金敢和汇金做对手盘，导致机构不敢深度介入汇金介入的股票。
第二，市场趋同，导致暴涨暴跌。由于没有对手盘，于是整个市场行为开始趋同。大量跟风盘，导致暴涨暴跌。
这是双刃剑，关键看怎么用！",2,2025-02-17,08:16,0
327,农行有巨大的违规风险，农行昆山分行称“人民银行贷款基准利率，没有取消，也没有被LPR取代，而是定格在4.9%不在更新，因此基未作定价基准转换的房贷，对应利率计算基准定格4.9%，等同固定利率”，貌似农行全行统一做法，明目张胆违规！,0,2025-02-16,18:38,0
327,"偏紫龙
这么搞 会纷纷效仿 的能不百化?
科技落后就是落后何来刀笔别人开源一说
明明开了互换便利 还要划转 化了又不提到底化多少 这个地方怎么不开源呢?
对付不听话的 韭菜说该怎么办?
不跑才是 呢",0,2025-02-16,08:53,0
327,机构带头做空，两头赚钱,0,2025-02-16,06:57,0
327,总教头，超级大腕儿非中央汇金莫属,1,2025-02-15,18:58,0
327,都在想什么呢？国家队直接接手了？国家队会卖么？丢，你们在想什么，意思就是不给做空了。,3,2025-02-15,17:18,0
327,几十年的股市证明中金公司对股市建设起的作用不够好，需要合并资源，统一指挥。20多年前，就知道有个叫许小年的人，呵呵呵。,2,2025-02-15,14:05,0
327,耐心资本 银行上净,2,2025-02-15,13:13,0
327,右手左手,0,2025-02-15,10:41,0
327,"中央汇金投资有限公司：
企业性质：依据《中华人民共和国公司法》由国家出资设立的国有独资公司，是中国投资有限责任公司的全资子公司。
注册资本：82820862.72万人民币。
总部地点：北京。
经营范围：根据国务院授权，对国有重点金融企业进行股权投资；国务院批准的其他相关业务。",2,2025-02-15,08:52,0
327,看不懂，这么干的意思？,0,2025-02-15,08:23,0
327,股票转给汇金便于出售吗？,0,2025-02-15,08:08,0
327,可出售可质押,0,2025-02-15,09:47,1
327,汇金又是什么公司，股东是谁？,0,2025-02-15,08:07,0
327,给汇金的是股票，不是资金，那么他只能卖。,0,2025-02-15,08:06,0
327,卖了买啥？,0,2025-02-16,16:37,1
327,意思很清楚，银行也差钱呐，找汇大财神化缘。,1,2025-02-15,08:01,0
327,最强做空机构来了,1,2025-02-15,08:00,0
327,有什么意义？,0,2025-02-15,07:56,0
327,2025年2月14日晚间，工商银行、农业银行、建设银行、中国银行、交通银行五家国有大行公告称，均已接到中央汇金投资有限责任公司（简称“汇金公司”）通知，中国证券金融股份有限公司（简称“中证金融”）66.7%股权拟划转至汇金公司,0,2025-02-15,07:49,0
327,可以是要减持了,2,2025-02-15,07:21,0
327,呵呵，吹流弊的东西。。。,0,2025-02-15,07:14,0
327,这确实是重磅消息，国家队直接接管了，接下来银行股会接替了券商板块成为指数的风向标，将会成为价值投资的榜样，目前银行股大多在净资产以下，收复净资产是第一目标。,7,2025-02-15,06:26,0
327,不应该是六大行吗，邮储被抛弃了？,1,2025-02-15,05:57,0
327,这一改革不得了了，意义非凡，肯定有不懂的人,1,2025-02-15,04:11,0
327,转融通，融券之类股民意见很大，这不是看到希望了吗,0,2025-02-15,05:38,1
327,能说说吗,0,2025-02-15,04:26,1
327,汇金持股国家银行的股分超过了百分之六十以上，而且永不减持，可见国家银行的重要地位，真亲儿子。五千多家公司谁能有这待遇，、,5,2025-02-15,03:45,0
327,"银行是资本呀,当然重要必须亲自接管",0,2025-02-16,15:12,1
327,低于净资产不能减持，超过净资产就可以了,0,2025-02-15,22:38,1
327,汇金的资产应该有十万亿了吧,1,2025-02-15,01:53,0
327,胆子大一点,0,2025-02-15,02:16,1
327,几大交易所既是裁判，又是运动员，那散户就是下的球，想怎么踢就怎么踢，后果简直不可想象！,18,2025-02-15,00:57,0
327,确实，散户尽量不要参与,0,2025-02-15,10:25,1
327,有人按着你的头进来的啊！,1,2025-02-15,07:25,1
327,今天才知道转融通为什么停不了，,10,2025-02-15,00:40,0
327,左手倒右手，总是有利可图,2,2025-02-15,00:19,0
327,一句话不需要购，直接收，有权真好,3,2025-02-15,00:16,0
327,"都是老爷家的产业,当然是随便安排。",0,2025-02-15,06:39,1
328,"，法官指示取消中国恒大控股原定于2025年3月12日举行的清盘呈请聆讯，并改为于2025年2月17日举行。
2025-02-18 12:48:18
是恒大地产主要投资平台及唯一海外融资平台，主要负责支持恒大地产国内及海外发展项目之海外融资。 　　天基控股为景程有限公司（天基控股附属公司及中国恒大成员公司）所发行若干境外优先票据的担保方。清盘人认为，针对天基控股的清盘呈请符合债权人及其他持份者的利益。",0,2025-02-18,12:54,0
329,为什么这时候收了中金，这许多许多年，他起到了对中国股市的建设性作用吗？股市搞成这样，他有不可推卸责任。,0,2025-02-16,21:54,0
329,做空的筹码被收走了，可用于融券的筹码少了66%。等于空方的部队撤了。你看这个天平会倒向哪里。,1,2025-02-15,16:35,0
329,对融券来说，是更便捷呢，还是……掌握如此重器，那做空就绝无对手了……,0,2025-02-15,11:29,0
329,就是由汇金公司统一控制管理，其实就是左口袋搬到右口袋的事，所以是无偿。本质上没啥变化，都是一个后台老板，实际上可以提高控制力，利于避免股市暴涨暴跌。这个消息勉强算个中性偏上的消息，不用太在意。,0,2025-02-15,09:10,0
329,看清楚中文字，是：中国证劵金融股份有限公司。,0,2025-02-14,21:49,0
329,中国证券金融股份持有交通银行2.55%股份，小股东，所以没有什么高兴的，一季度报里看看是不是还是中证,0,2025-02-16,12:12,1
331,明天三个点以上,0,2025-02-14,20:38,0
331,2月15日是周六，2月17跌了、2月18日就是一个点，2月19日跌了0.13，哪门子的涨停？,0,2025-02-19,15:45,1
331,明天涨停,0,2025-02-14,21:48,1
332,7.1多的时候加了15个。所有的全部梭哈,0,2025-02-14,20:09,0
332,我也盼着破7.等机会复投呢,0,2025-02-14,17:18,0
332,那就等，等不到就花掉，反正是交行白给的钱，农行工行的红利已经复投,0,2025-02-14,22:14,1
332,不可能会有这个价了,0,2025-02-14,17:47,1
333,不是7.34元收盘嘛，可是就是不让你卖出,0,2025-02-14,15:55,0
333,多大的单子就在乎那一分钱走不掉？游泳池里你都这样，出去野江野河的这不是自虐吗？,0,2025-02-14,16:26,1
333,我9.43就排队了，是真不让我走，明天来点活力吧，不能在这里躲牛市了,0,2025-02-14,16:07,1
334,你这个收益并不是纯交通的！,0,2025-02-14,15:04,0
334,交通4成仓，工行农业6成仓,0,2025-02-14,16:26,1
338,出去玩别看,0,2025-02-14,14:03,0
341,但是A股其他行也强，唯独交行弱。24年建行交行都7.5的时候，我建行换了交行,0,2025-02-14,15:13,0
341,印花税1.5,0,2025-02-14,10:35,0
341,印花税还是小事，分红后直接扣28%，别看港股银行股股息高，28%红利税，扣完红利税后，其实也就是4个多点股息,0,2025-02-14,15:45,1
341,A-H溢价最近也一直在降，我倒想看到港股股价超越A股的奇观,0,2025-02-14,10:31,0
341,港股在17年大牛时候就出现过超过A股银行股价的,0,2025-02-14,15:45,1
342,今年工行农行都是正红的，就交行绿的,0,2025-02-14,22:38,0
342,下周一,0,2025-02-14,22:21,0
342,加点仓就好了,0,2025-02-14,10:39,0
342,快了,0,2025-02-14,10:32,0
342,逢低加点进去.让成本降下来点.没办法了.,0,2025-02-14,10:26,0
342,早上7.33卖出7成仓 回落再加回 怎么也得把成本降下来吧 只能说你不会做,0,2025-02-14,10:14,0
342,你要想回本得动起来 死等只会越亏越多 我之前其他个股亏20多个点都是这样做回来的,0,2025-02-14,10:54,1
342,你能保证回落,0,2025-02-14,10:31,1
342,做倒t？哪儿来的8块多本,0,2025-02-14,10:10,0
342,有的,0,2025-02-14,10:23,1
346,按照23年0.375一股的话，5个点出头吧,0,2025-02-14,15:47,0
346,分红除以股价，很容易的，小学生都会,0,2025-02-14,14:08,0
346,图片评论,1,2025-02-14,13:34,0
346,这是一年半的,0,2025-02-14,17:24,1
346,先点击（资料）再点开分红融资就看到了，要多动手。,0,2025-02-14,13:32,0
346,谢谢老师,0,2025-02-14,14:01,1
346,银行吧里人都很少的，我建议自己百度学习一下再买,0,2025-02-14,07:52,0
349,农行有巨大的违规风险，农行昆山分行称“人民银行贷款基准利率，没有取消，也没有被LPR取代，而是定格在4.9%不在更新，因此基未作定价基准转换的房贷，对应利率计算基准定格4.9%，等同固定利率”，貌似农行全行统一做法，明目张胆违规！,0,2025-02-16,18:38,0
349,德尔股份罕见跌出黄金大坑低估了宝藏价值所在，应该是抢占先机：潜在精准预测龙头将是德尔股份的全固态电池系列（锂、氢、燃）等超前加速突破崛起存有保密技术正在中试；早已布局在全球的亚、北美、欧洲及地区等汽电车零部件制造产业链及商用平台中心和生产核心基地等如果是真的绝对是行业龙头赛道风囗潜力巨大！此股盘小弹性巨大，未来最具有上升100元以上的潜质，如业绩突显必将是机构游资配置抢筹池之地！提前布局静待验证着花开富贵N倍收益！风险自担！,0,2025-02-16,17:23,0
349,,0,2025-02-16,11:44,0
349,今天的震荡很多人高位追人工智能了，，下周就看板块切换，拉银行护盘了，，下周到25号股指交割日8天，看能不能拉的住指数了,1,2025-02-14,15:11,0
349,不知道。看看游资和超级大户的对决了。！,0,2025-02-15,16:31,1
349,机构们，也可→$300194$,0,2025-02-14,06:58,0
349,那个亏了,0,2025-02-14,06:55,0
349,也许是光大。,0,2025-02-14,09:49,1
349,"中船特气688146对标空气化工，前者150亿人民币总市值，至今破发；后者总市值700多亿美元，股价从几块钱涨到300多块：
全球电子气体主要生产企业林德等前十大企业，共占据全球电子气体90%以上市场份额。其中，林德、液化空气、大阳日酸和空气化工国际巨头市场份额超过70%。
公司专利技术不断积累，研发投入持续增强，公司保持长期技术创新能力。2023年底，公司建有三氟化氮产能12,500吨、六氟化钨产能2,230吨，产能位居国内第一、...",0,2025-02-14,06:04,0
352,我是同一个月买的7.91上海银行和7.19交通银行，上海银行赚了不少，交通银行红绿变化中,0,2025-02-14,09:45,0
352,那么贪心干嘛，我只要6个点就行,0,2025-02-13,20:49,0
352,看了历史涨幅，十来年，跑输其他行两三成，我反正长期持有，换个好的标的吧,0,2025-02-14,07:28,1
352,是的，我本来想着这个涨的少，以为会有机会，没想到还是强者更强啊，倒霉,0,2025-02-13,19:38,0
357,追涨杀跌的典范,0,2025-02-13,14:38,0
357,你是高吸低抛小能手,2,2025-02-13,14:19,0
357,任何股票你不可能买在最低点，也不可能卖在最高点。有的赚就行,1,2025-02-13,14:21,1
358,昨天7.27卖了，今天7.31又接回来了。,0,2025-02-13,14:15,0
358,兄弟，看到曙光了，加加油，噢利给,0,2025-02-13,14:12,0
358,哈哈哈,0,2025-02-13,14:24,1
361,000901,0,2025-02-14,13:37,0
361,"俄罗斯股市暴涨！特朗普突然宣布！俄乌冲突正处于重大转折点
2025年02月13日 17:41 来源： 证券时报网
中俄贸易概念股：宁水集团、浙农股份 （仅供参考）",0,2025-02-13,19:09,0
362,目前六大行就交通和邮储股息率在百分之5附近。,0,2025-02-14,09:37,0
362,比邮储不知道好到哪里去了，别抱怨,0,2025-02-13,14:23,0
362,买的时候跟建设银行一样的价格，这后劲确实牛逼,0,2025-02-13,11:44,0
362,别着急，他有后劲,0,2025-02-13,11:11,0
364,好，这两天布局的票逆攻。历史巨量底一字横洗一个月，昨天出现1.3%低振幅和换手。没想到今天逆攻。,0,2025-02-27,13:24,0
364,指数看跌，搞个银座股份，历史底出现天地量炮台，等逆攻了。,0,2025-02-25,09:29,0
364,银行又抱团拉涨，妥妥高位横盘派发。我还是布局超跌破净票好,0,2025-02-18,10:48,0
364,我感觉还是银行股好 最起码不亏钱 还有的赚,0,2025-02-13,10:58,0
364,哈哈哈,0,2025-02-13,10:56,0
365,假酒喝多了兄弟，还是要少喝假酒，多喝过期好酒。,0,2025-02-13,14:08,0
365,兄弟继续睡吧,0,2025-02-13,12:01,0
365,涨停也没有啊接着继续睡，咱们一起梦,0,2025-02-13,11:00,0
365,做梦也梦到8.03啊！,0,2025-02-13,10:49,0
367,7.45,0,2025-02-13,10:41,0
367,高兴加2元,0,2025-02-13,10:31,0
369,天天想这个好事？,0,2025-02-13,10:26,0
370,看今明两天的了，再下行的话，就难受了。直接锁仓，短期都不用看了,0,2025-02-13,09:53,0
371,请问交通银行客服电话通话录音保存期限是长期保存还是保存几年，请回复谢谢,0,2025-02-13,13:09,0
372,主要还是价格太贵，一千元以上都是属于高,0,2025-02-13,09:08,0
372,手机现在也像十年前一样，产量太大，库存积压，。卖不掉了，还得大降价！过几年汽车也会如此！,0,2025-02-13,09:02,0
373,银行要大涨了,0,2025-02-14,14:04,0
373,信用卡业务，不良率太高,0,2025-02-13,09:22,0
373,不在多，在于质。,0,2025-02-13,08:07,0
373,烂账越来越多…太多了没办法,0,2025-02-13,07:22,0
374,这个月4000多股息，够吃饱饭了,0,2025-02-13,09:54,0
375,我卖出，还有税呢！,0,2025-02-12,21:20,0
375,交易费不是最低五元吗？,0,2025-02-12,21:07,0
376,为了中信银行的分红4000元，本金亏了1万8了。,0,2025-02-13,21:01,0
376,论哪个更差，中信都没说什么，轮不到交行哈!,1,2025-02-12,20:21,0
376,工行农行交行，交行最差，不过他的股息率挺香,0,2025-02-13,01:10,1
378,你走错片场了吧？,0,2025-02-13,13:13,0
378,怕是喝多了,1,2025-02-13,11:06,0
378,现在才7.26，涨停也到不了11.33,1,2025-02-12,17:57,0
379,港股又新高了,0,2025-02-12,16:53,0
379,这事，谁也说不好，只能告诉你，你是小白！尾盘卖，你是怎么想的,0,2025-02-12,16:11,0
380,百年交行 值得信赖,0,2025-02-13,23:09,0
380,都给你好了，别做生意了，买交行的都什么人啊这么缺钱,0,2025-02-13,15:42,0
380,六块多也准备梭哈,0,2025-02-13,21:56,1
380,我不缺，我都不希望他涨，每年能够填权保持5个点以上收益，15年翻倍，碰到砸盘六块多就梭哈，踏踏实实的赚钱,0,2025-02-13,21:50,1
383,不做倒T很难回本,0,2025-02-12,13:11,0
383,全仓7.5的本,0,2025-02-12,11:28,0
383,7.45几差不多,0,2025-02-12,13:10,1
384,没事儿，再留两年，就涨到8.05了,0,2025-02-12,14:09,0
384,不参与分红是怎么做到把成本做到8.03的，不该反思吗？参与散财？,0,2025-02-12,13:14,0
384,8.03的本,0,2025-02-12,11:17,0
384,我不参与分红,0,2025-02-12,11:49,1
384,1月24日除权后你还有8.03元的本？,0,2025-02-12,11:36,1
388,,0,2025-02-12,10:49,0
388,考虑到20%的分红税，实际A股到手的比H股还多,0,2025-02-12,09:40,0
388,人才,0,2025-02-12,09:06,0
391,看不懂，买了股票却不希望买的股票大涨。,0,2025-02-12,13:12,0
391,的确！,0,2025-02-12,12:38,0
393,不涨不跌，就维持这样最好。,0,2025-02-11,19:22,0
393,继续涨！有一天涨到怀疑人生！,0,2025-02-11,18:38,0
393,向上,0,2025-02-11,15:14,0
393,看不到一点上涨的能量，无限阴跌的感觉，满仓看戏,0,2025-02-11,15:00,0
393,应该向上,0,2025-02-11,14:53,0
393,反弹过后。。。。,0,2025-02-11,14:36,0
395,分红高,0,2025-02-11,14:18,0
395,后悔买了它,0,2025-02-11,13:48,0
397,交行很好，其他的涨太多了！,0,2025-02-14,12:13,0
397,工，农，交，建，中国，邮储6大行里这货中规中矩吧,0,2025-02-13,16:29,0
397,"国有6大行
是国有6大行",0,2025-02-13,15:33,0
397,不要涨，涨高了股息就低了,0,2025-02-12,07:17,0
397,没有任何一家银行服务能比的上交通银行,1,2025-02-11,18:25,0
397,交通银行面对的客户都是优质客户，服务是最优质的,1,2025-02-11,18:24,0
397,郁闷啊，AH溢价最低，市盈率最低，怎么涨那么少,0,2025-02-11,16:20,0
397,主要是业绩落后于四大行，但反过来说后面追上来的空间就大，百年交行,0,2025-02-11,15:43,0
397,因为业绩落后于四大行,0,2025-02-11,15:16,0
397,新来的交通银行行长真不行啊,2,2025-02-11,11:12,0
397,银行杀手享誉江湖,0,2025-02-11,11:17,1
397,我也很郁闷，的确不属于四大行，（建设，农业，工商，中国）,0,2025-02-11,10:58,0
401,交行每次冲高都回落,0,2025-02-11,11:43,0
401,我用你这种方法把好几个股的筹码搞丢了 接不回来,0,2025-02-11,10:08,0
401,卖飞好多次，导致一直亏钱一直套,0,2025-02-11,10:26,1
401,今天这操作在银行板块可能行不通,0,2025-02-11,09:55,0
401,你想多了,0,2025-02-11,09:53,0
402,每天做T很开心,0,2025-02-11,09:32,0
402,麻蛋，我不做T就天天冲高回落，我做T的时候往往一去不复返,0,2025-02-11,20:16,1
402,有分红做什么T，只能装死，还亏5个点，这几天外面卖进银行也是选的四大行,0,2025-02-11,10:16,1
402,哈哈哈，赚钱这事，天天赚100元，和一月最后一天赚3000，没区别，别急,2,2025-02-11,09:27,0
402,交通一天就可以让你亏1w赚1w好难,0,2025-02-11,18:12,1
404,要比建行低1快4了,0,2025-02-11,13:45,0
404,去年6月底股价比建行高，现在建行高1元多,0,2025-02-11,15:03,1
404,下次换工行或农行中行,0,2025-02-11,13:09,0
404,不错了，农行近一年的表现还是很好了,0,2025-02-11,15:44,1
404,我持有6大行，交行，农行仓位最重,0,2025-02-11,15:03,1
404,真心不行啊，最近表现就是无限的阴跌，一点上涨的动力都没有,0,2025-02-11,11:36,0
404,一样，前年就看它不错才重仓,0,2025-02-11,15:04,1
404,确实，偏偏我持有它最多,0,2025-02-11,15:00,1
407,佩服你的执着和勇气,0,2025-02-11,20:41,0
409,股权投资资金盈利不盈利不好说，但是国企干活肯定有项目,0,2025-02-10,18:10,0
409,越过2024，上汽巨轮起航。,0,2025-02-10,17:13,0
409,玩了几年亏了辆车，从此抵制上汽汽车,0,2025-02-10,15:12,0
409,你的智商真是堪忧啊！,0,2025-02-10,15:16,1
410,我,0,2025-02-10,15:58,0
410,我,0,2025-02-10,14:31,0
411,干个大的，好好投资,0,2025-02-10,12:49,0
412,贵阳银行3年定期2.45%还送东西,0,2025-02-11,11:09,0
412,让我们一起为建设银行股票加油、加油、再加油！,0,2025-02-11,09:35,0
412,送面粉啊，好大方哦,0,2025-02-10,13:15,0
412,这是无添加的面粉,0,2025-02-10,14:55,1
412,别一副没见过世面的样子,0,2025-02-10,13:13,0
414,咋样才能接入？,0,2025-02-10,12:11,0
414,哈哈哈哈哈,0,2025-02-10,14:13,1
415,接下来要投资东北啊，哪边烂投哪边。,0,2025-02-10,11:46,0
415,烂,0,2025-02-10,11:53,1
415,上汽国内唯一全产业链,0,2025-02-10,11:22,0
415,中原内配？,0,2025-02-10,11:14,0
418,股价连浙江东方，汤姆猫都不如,1,2025-02-10,11:23,0
418,哈哈哈哈，不过，终有一天，我会涨！这是一定的,1,2025-02-10,10:13,0
419,红不了几分的今天出去打短线晚上再接回来,0,2025-02-10,10:02,0
422,恭喜指南针被纳入明晟中国指数，全球知名指数公司明晟（MSCI）公布了2月份指数审议结果，调整结果将于2月28日收盘后生效。,0,2025-02-13,08:42,0
422,茅台股票一送十，让看好茅台的小散也买的起，机构外资不玩，小散想玩又玩不了，高位放小散进来是接盘，低位进来是捡钱,0,2025-02-12,19:13,0
422,邓婵玉，肉体凡人，论美，也只有苏妲己略胜一筹。《哪吒儿子》在《封神》六合星君面前就是个渣子。明天看北京文化干趴光线传媒。看封神，知道自己为谁而活！,0,2025-02-12,16:40,0
422,科技才是未来白酒必死,0,2025-02-11,10:23,0
422,酱香科技也是科技啊哈哈,0,2025-02-11,10:32,1
422,银行大涨银行大涨银行大涨,0,2025-02-11,10:21,0
422,美国对我国进口的钢铁铝等产品增加关税，对船舶有所影响，这个消息小编是不会告诉大家的。小粤,0,2025-02-11,09:29,0
422,上一波的热点板块，基本上都炒了一遍，反弹似乎差不多了。,0,2025-02-10,20:43,0
422,继续加仓$永赢先进制造智选混合发起C$，这基半年就涨了133个多点，半年业绩同类第一，主动管理弹性比较大，买机器人主题基金首选永赢先进制造啊,1,2025-02-10,12:15,0
422,今天机器人板块有点回调，赶紧来继续加仓$永赢先进制造智选混合发起C$吧，这基半年涨超133%呢，冲力十足，现在正是逐步建仓的好机会啊,1,2025-02-10,12:05,0
422,"金隅集团本周融资净买入46.87万元，居水泥建材板块第十六
金隅集团本周(2025/02/05-2025/02/07)累计涨幅达2.4%。截止2月9日，金隅集团融资融券余额3.34亿元，其中融资余额规模3.32亿元，融券余额规模269.26万元。",1,2025-02-10,09:59,0
422,搬砖不辛苦,0,2025-02-10,09:52,0
422,抽血呢？,0,2025-02-10,11:40,1
422,说什么都没用，基金大经理真金白银大量买入最管用！小粤,0,2025-02-10,09:51,0
422,小米持有300566激智科技先上50长线百元,4,2025-02-10,09:00,0
422,散户应该尽快逃离一切科技股，必须跑在机构前面！,0,2025-02-10,08:55,0
422,还好意思说调仓，说白了就是根据热点炒作，根本没有长期投资意识，比散户该散户，这样的基金应该清盘。枉称基金,4,2025-02-10,08:49,0
422,不管咋说总而言之蛇年还是以高科技产品为主导其它其次。,0,2025-02-10,08:35,0
422,三个月前消息怎么没有？都是马后炮而已？没有一个基金经理能帮你赚钱,1,2025-02-10,08:20,0
423,哈哈，大家都分点，不能吃独食哟。,0,2025-02-10,13:28,0
423,哈哈，离场离场还是离场！！！！,1,2025-02-10,12:16,0
424,让我们一起为建设银行股票加油、加油、再加油！,0,2025-02-10,09:58,0
424,又是下跌,0,2025-02-10,09:27,0
424,利好，上涨,0,2025-02-10,08:29,0
424,利好就会大跌,0,2025-02-10,09:25,1
425,如果银行不改变，我们就改变银行,0,2025-02-10,11:28,0
425,不是被抛弃，是无法使用很无奈，支持信用卡刷卡消费的渠道越来越少了！！！,2,2025-02-10,02:51,0
425,下跌就是下跌你负增长个鸡毛,7,2025-02-09,23:28,0
425,都不消费了，更别说提前消费。。春节假期所谓的火热数据，都是假象。。,3,2025-02-09,23:10,0
425,反思就对了，说明风控做的好，像这样的银行要看长期的风控能力，不能只看今年增长了多少。,0,2025-02-09,23:06,0
425,办卡要居民委会证明！居民委会不肯定证明！想办卡也不行！居民委会干部说信用卡容昜成为诈骗工具！,3,2025-02-09,22:39,0
425,征信太烂,6,2025-02-09,22:29,0
425,"DeepSeeK绑定中国人寿举牌收购6年的万达信息300168，承蒙国务院日前发布关于深化养老服务改革发展的意见。意见指出，深化养老服务改革发展，是实施积极应对人口老龄化国家战略的迫切要求。是保障和改善民生的重要任务，事关亿万百姓福祉，事关社会和谐稳定。要坚持尽力而为、量力而行，增强科学预判，做好前瞻部署。加快健全养老服务网络，优化居家为基础、社区为依托、机构为专业支撑、医养相结合的养老服务供给格局。
华润完成云南，广西并购后，开启并购贵...",1,2025-02-09,22:28,0
426,"贵阳银行每股净资产16.4元每股未分配利润9.6元每股收益1.4元股价5.86元0.35倍市净率4倍市赢率！
花5.86元买贵阳银行扣除每股未分配利润9.6元实际上负成本价3.86元拥有每股收益1.4元4倍市赢率的百年永续赢利和现金分红的好公司，胜过全世界99%好公司。
贵阳银行合理估值25.25元：按照保险资金买十年期国债1.6%利息计算，贵阳银行7%现金分红4元（按照年均每股收益1.4元并且按照证监会国九条规定每年利润不低于30...",1,2025-02-10,14:21,0
430,,1,2025-02-10,16:07,0
430,有多少人都在等着下跌，正好可以抄底，加仓,0,2025-02-09,12:23,0
431,但是分红最多,0,2025-02-10,08:02,0
431,领导不行,0,2025-02-09,09:46,0
432,明天跌多少吧,0,2025-02-10,00:03,0
432,对交通银行来说1750万，和你电瓶车没戴头盔罚30差不多,0,2025-02-09,16:49,0
432,救急,0,2025-02-09,20:05,1
432,"怎么到处罚
我在无锡渤海银行崇安支行也是 罚
搞不懂了",0,2025-02-09,19:48,1
434,宁可相信世上有鬼神，千万别信保险、理财、投资和传销。,6,2025-02-08,23:21,0
434,"2月8日苏宁电器、苏宁控股、苏宁置业三家企业重整申请获受理。
2月6日，监管批准交通银行股份有限公司太平洋信用卡兰州分中心终止营业。这已经是开年以来，交通银行关停的第三家信用卡分中心。“其实这两年关闭信用卡异地分中心的绝不止交通等几家大行。大行属于树大招风，其他银行都是偷偷的关闭了异地业务，没有对外声张，
1月27日万科A:关于部分董事、高级管理人员变更的公告",0,2025-02-09,10:54,1
434,佛,0,2025-02-08,23:47,1
435,最多跌3.5个点,0,2025-02-09,17:55,0
435,，自24时起，国内汽油价格和柴油价格分别下调170元/吨和160元/吨。折合升价，92号汽油下调0.13元，95号汽油和0号柴油均下调0.14元。,0,2025-02-19,19:01,1
435,跌停,1,2025-02-08,22:41,0
435,跌停我给你发红包正好我可以吃点货,0,2025-02-09,23:52,1
435,"我感觉还好吧
毕竟我在那 感觉人流奔赴",0,2025-02-09,19:47,1
436,加油,1,2025-02-08,16:54,0
437,我接，有多少？我挂买入。,0,2025-02-08,10:14,0
438,价值投资≠短期一定赚钱,0,2025-02-09,09:18,0
440,三万股,0,2025-02-10,10:13,0
440,买不停的买，攒不停的攒,0,2025-02-10,10:03,0
440,你不适合投资银行股，还是去买科技股吧。,0,2025-02-08,16:42,0
440,冰激凌还需要精湛吗……,0,2025-02-08,09:06,0
440,正常的，每年都要横盘几个月的后面等突破,0,2025-02-07,23:11,0
440,只是说业绩方面，不如其他5大行，邮储业绩增速最快,0,2025-02-08,19:58,1
440,我管不了别人想法，我吃股息的只买业绩持续增长的股票，年线3连阳的股票基本打败市场上九成的票了，怎么能说是平庸,0,2025-02-08,14:31,1
440,20万本金，有这收益，还行吧，总比吃利息强,1,2025-02-07,22:29,0
441,哥们你怕是有点误解什么叫套住吧,0,2025-02-10,10:32,0
441,你这算什么套住,1,2025-02-10,09:48,0
441,"7.13,18000股",0,2025-02-08,11:15,0
441,7.17，13万股,0,2025-02-08,13:30,1
441,这有什么套不套的，银行股每年就是分红前一波炒，下半年都跌，抱着吃分红，或者五六月份拉起来再说。,0,2025-02-08,06:30,0
441,太少了怕个鸟,0,2025-02-07,23:00,0
443,银行股有什么亏不亏的，就当存银行了，总比银行利息高。现在要做的事是有钱补仓给它套，没钱就等着，按5年，不行就10年，怎么可能亏？,1,2025-02-09,11:53,0
445,这是不是利益输送,0,2025-02-07,19:53,0
445,怎么这么说,0,2025-02-07,22:22,1
445,老一套吓小散鸟用没有,1,2025-02-07,18:34,0
445,这是用来砸盘的、下礼拜还有得跌,0,2025-02-07,18:01,0
445,这种交易理都不用理。,1,2025-02-07,17:42,0
445,见鬼这左手倒右手什么意思,0,2025-02-07,17:36,0
446,银行股向上的空间还有吗？再涨10%吗！大盘上五千点 。。。机会在中小市值哪里。,0,2025-02-07,22:25,0
446,原来我才是逆行者！居然还赚了一点,0,2025-02-07,22:23,0
446,等险资进来,0,2025-02-07,21:48,0
446,银行股可以撤退了。资金去小票了,1,2025-02-07,19:40,0
446,周一银行就是大涨,1,2025-02-07,18:53,0
446,下周拉银行保指数了,0,2025-02-07,19:57,1
446,指数三千以下。才能涨点。这个位置银行就是阴跌,0,2025-02-07,19:14,1
446,AI观澜大模型+巨资回购注销,0,2025-02-07,18:43,0
449,我在期待你盈利50w的时候,0,2025-02-08,19:57,0
449,23 24年两年已经银行股盈利有110个左右了 这次是重新建仓而已,0,2025-02-08,20:49,1
449,不经历挫折，哪里会有成功！,0,2025-02-07,20:49,0
449,恐怖有钱,0,2025-02-07,19:52,0
449,拿着银行的都亏麻，T又不敢,0,2025-02-07,18:49,0
449,我也是连亏3天,0,2025-02-07,17:37,0
449,我在兰州银行躺着，2.35的本难熬,0,2025-02-07,17:30,0
449,只有收益，请问你这是买得交通银行还是那个银行?,0,2025-02-07,16:36,0
449,交行仓位比较重 工行农行差不多,0,2025-02-07,17:23,1
449,一样，重仓银行的都亏麻了,0,2025-02-07,16:12,0
449,等银行看看会轮到不,0,2025-02-07,15:52,0
449,下周银行涨,1,2025-02-07,15:12,0
450,7.12,0,2025-02-10,16:00,0
450,成本多少,0,2025-02-10,13:42,0
450,羡慕！！！现在这个价位如何能做到降低成本？,0,2025-02-17,09:30,1
450,6.08,0,2025-02-16,19:43,1
452,利润估计会做成和去年一样，0.375分红的话，股息超5%了,0,2025-02-07,14:54,0
452,谢谢老师,0,2025-02-07,15:30,1
454,近一年来涨的太多了，才稍有回调，此时股息率达百分之五点多，是不错的加仓机会……,0,2025-02-07,14:49,0
454,跌麻了,0,2025-02-07,14:34,0
455,银行跌成狗了,0,2025-02-07,14:05,0
455,完了，我的APP出问题了，现在13点40分我看6大行怎么都是绿的,1,2025-02-07,13:42,0
459,,0,2025-02-07,12:04,0
460,你钱在哪来？？？有花不完的钱吗,1,2025-02-07,12:29,0
460,不卖哪有源源不断的现金流呢,0,2025-02-07,11:51,0
460,涨了要卖，跌了要买。低价进货高价卖货是做生意的方法之一。关键是涨了有没有货卖，有多少货能卖。跌了有没有钱买，进多少货，分几次进货诸如此类的问题。,0,2025-02-07,14:29,1
460,分红的钱，加上刚性支出后下的小钱，不图一下暴富的心态吧！,0,2025-02-07,14:17,1
461,躲牛,0,2025-02-10,15:59,0
461,稳定啊，甘蔗哪儿有两头甜,1,2025-02-10,15:35,0
461,一样啊，在银行里面躲牛市,1,2025-02-10,15:11,0
461,一点都不羡慕，及时跑出来的还好，还继续追的等死。。。银行股这边稳如,1,2025-02-10,09:49,0
461,哈哈，我也是,0,2025-02-10,15:11,1
461,我本来就是只买银行股，外面腥风血雨跟我关系不大。。。我只希望外面涨狠点，银行股跌多点好补仓，结果这一天天的几分钱涨一下降一下的，做T也做不了，补仓也补不了,0,2025-02-10,14:15,1
461,陪着你一起观看外面的盛宴,1,2025-02-07,18:22,0
461,哈哈,0,2025-02-07,18:27,1
461,不用羡慕、今天卖岀银行去别的板块的多半都是接盘侠,0,2025-02-07,14:52,0
461,哈哈，看破不说破哈,0,2025-02-07,16:10,1
461,7.02可能不会有了,0,2025-02-07,13:13,0
461,我没有忍住，买了7.13的,0,2025-02-07,13:39,1
461,哈哈，到了就补，不到就等,1,2025-02-07,13:31,1
461,7.14就接了,0,2025-02-07,11:59,0
461,祝好运,0,2025-02-07,12:22,1
461,银行股之所以下跌，主要是资金撤出，去追科技概念股了，哈哈,2,2025-02-07,11:01,0
461,这个价位也合适,0,2025-02-07,11:40,1
461,那我接早了，7.12就接了,0,2025-02-07,11:32,1
462,要死了分红全部套死,0,2025-02-07,10:48,0
463,大佬我等它跌.，再买一点点没你们那么多钱就买一点点感谢感谢您的指点,0,2025-02-24,11:08,0
463,真的还会跌回来吗,0,2025-02-14,22:39,0
463,希望吧,0,2025-02-14,23:24,1
463,求教，这个股票几月份价格比较便宜啊？,0,2025-02-09,14:12,0
463,"分完红后。
(7月分红)6-7月贵，(1月分红)12-1月贵",0,2025-02-09,19:15,1
463,几年没被割，也是这样做……,0,2025-02-07,14:44,0
463,量化公司都用AI割韭菜，Deepseek前身就是量化AI，人家拿着卫星飞机大炮，小散就是小米步枪、两眼一抹黑，怎么干得过，在这个环境下，小散还是保命要紧。,0,2025-02-07,17:17,1
463,成本好低,0,2025-02-07,11:31,0
463,拿10年0成本了,0,2025-02-07,12:40,1
463,月赚11400，这是真的吗,0,2025-02-07,10:47,0
463,假的，我在股市一个月赚不到这么多钱,0,2025-02-07,12:40,1
463,赚这么多？,0,2025-02-07,10:47,0
465,散户的信息永远是滞后的,0,2025-02-07,11:08,0
465,买银行股的大多都是以红利为目的，长线持仓为主,0,2025-02-07,10:45,0
465,$农业银行(SH601288)$ $中国银行(SH601988)$ $建设银行(SH601939)$,0,2025-02-07,10:40,0
468,这次能跟上大神节奏了么,0,2025-02-07,11:21,0
468,哈哈，不敢,0,2025-02-07,11:30,1
469,守着,0,2025-02-07,10:39,0
469,气人,0,2025-02-07,10:23,0
472,价值投资者如果买入四大行，最近三年分红加上涨应该赚得盆满钵满的，也该让三年来坚守成长亏得裤衩子都不剩的投资者回口血了。我是7.50买入交行的，准备长期持有不断复投的，然后股价每跌一元追投20个。,0,2025-02-07,11:41,0
472,疼,0,2025-02-07,10:41,0
472,天天跌,0,2025-02-07,09:57,0
473,疼,0,2025-02-07,10:40,0
477,心疼亏钱,0,2025-02-07,09:58,0
477,如果股价跌破你的买入成本价会心疼吗？,0,2025-02-07,09:44,0
477,哪有这么多如果，外面DS概念这么火，去吧,0,2025-02-07,09:53,1
477,聪明,0,2025-02-07,09:01,0
478,对啊，你才知道，银行是压舱石,0,2025-02-10,01:31,0
479,你是不是魔怔了,0,2025-02-15,17:13,0
479,下周什么也不会发生,0,2025-02-16,12:33,1
479,下周别哭,0,2025-02-15,18:01,1
479,小baby,0,2025-02-12,14:50,0
479,你傻得真可爱,0,2025-02-12,14:47,0
479,你脸疼吗？,0,2025-02-17,12:04,1
479,做梦想吃屁，穷疯了,0,2025-02-12,10:57,0
479,真能那样太好了，花40万就能搞100000，一年分三万六七，躺着就月薪3000了。,2,2025-02-12,10:19,0
479,脑子怕是出问题了！净资产12元到4元去。,0,2025-02-08,17:55,0
479,请教前辈们，现在银行半年分一次红，要持有多长时间卖出才不上税,0,2025-02-07,19:31,0
479,不管什么时候卖多要税那是港股，港股股票分红后无论持有多久都要扣税，而且是在分红下来时候直接扣，不是卖出扣,0,2025-02-16,12:14,1
479,不要卖出不收税，当日T也不收，但卖出要补税,0,2025-02-12,13:16,1
479,快跌到4块吧，我要全仓进,0,2025-02-07,18:29,0
479,你知道4元 pb和pe是多少吗，跌倒4到大资金不会袖手旁观的,0,2025-02-07,10:47,0
479,网上都是亿万富翁,0,2025-02-07,14:24,1
479,三年前3块多呢，你怎么没出手？,0,2025-02-07,10:57,1
479,跌倒4块是好事，分红给我0.28都行，我倾其所有满仓,3,2025-02-07,09:27,0
479,我没有做梦，我是替别人分析梦,0,2025-02-12,10:07,1
479,4块我会贷款买的,0,2025-02-07,09:09,0
479,你管我有钱贷款，你特么能不能贷得到？土狗,0,2025-02-08,07:18,1
479,接着吹，有钱为什么还要贷款？,0,2025-02-07,22:10,1
479,只要盈利和分红率不变，跌到4元我入400万，每年9个点的分红，7-8年成本为0,0,2025-02-06,23:37,0
479,跌倒4元，你知道会有多少人买进吗？真是白日做梦,1,2025-02-06,19:50,0
479,以前不知道高股息多香，百分之7.8的股息比老美都可怕……一万两万感觉不出来，几百个上千个你再看看……,0,2025-02-07,19:47,1
479,跌到4元，交通银行股息都快10个点了，你觉得10个点的股息能坚持多久？,3,2025-02-06,16:31,0
479,"银行不能提高分红率的主要原因包括资本充足率要求和风险管理。
首先，银行的风险加权资产每年都在扩张，这需要同时增加银行的资本，否则资本充足率会下降，不满足监管要求。为了补充银行资本，银行需要留存更多的利润。当银行风险资产扩张速度降低时，才可能提升分红比例
1
。
其次，银行的分红政策也受到其财务状况和经营策略的影响。例如，宁波银行之所以不愿意提高分红比例，是因为其利息收入和非利息收入增长...",0,2025-02-16,12:17,1
479,"银行不能提高分红率的主要原因包括资本充足率要求和风险管理。
首先，银行的风险加权资产每年都在扩张，这需要同时增加银行的资本，否则资本充足率会下降，不满足监管要求。为了补充银行资本，银行需要留存更多的利润。当银行风险资产扩张速度降低时，才可能提升分红比例
1
。
其次，银行的分红政策也受到其财务状况和经营策略的影响。例如，宁波银行之所以不愿意提高分红比例，是因为其利息收入和非利息收入增长...",0,2025-02-16,12:17,1
479,那太好了，我再加仓十万股,1,2025-02-06,16:11,0
481,最差的银行股,0,2025-02-06,15:03,0
482,嗯的主力走不了，现在市场热度不够，没人接盘，这体量的票只有拉着高才能出货，现在这风声鹤唳的，稍有动作就发现了，更没人接盘了，他们运作了3年，出货卖不上价那不白忙活了,1,2025-02-06,15:47,0
482,也可以说没人卖，没人买有人卖就跌下去了。,0,2025-02-06,14:36,0
482,也可以这么说,0,2025-02-06,15:15,1
482,我也是，开盘就打了7.13，收盘来看看，应该进不了了,0,2025-02-06,14:34,0
482,建议可以买一些成长值好一点的银行股，交通银行成长值太差，不是一般的差，建议关注江苏银行，宁波银行等,0,2025-02-06,15:18,1
482,7.13可以买,0,2025-02-06,15:15,1
482,看来今天7.13是买不到了,0,2025-02-06,14:30,0
482,都去买ds概念了 等ds冷却了还能有钱来这，都想着挣快钱,0,2025-02-06,13:40,0
484,能不能等到,0,2025-02-06,11:25,0
484,耐心等待机会，没有机会也不遗憾,0,2025-02-06,13:16,1
484,me too,0,2025-02-06,11:09,0
484,哈哈，祝我们好运连连,0,2025-02-06,11:13,1
485,有道理,0,2025-02-06,10:41,0
486,又没戏了银行绿了,0,2025-02-06,10:14,0
488,今天不会,0,2025-02-06,09:33,0
488,汪汪队用大金融压着大盘，证券和银行一个抬而不举，一个压着不涨，如果证券走强，银行根本没戏,0,2025-02-06,10:46,1
491,领跌？,0,2025-02-06,13:50,0
493,不仅仅是赚和亏，人生亦是如此，即使重大得与失，一段时间后心态都会回到以前一样，你把时间拉长至一生，得与失都是浮云，只有在当下活的快乐才是最重要的。,1,2025-02-05,21:37,0
493,有禅意,0,2025-02-06,08:36,1
493,好好好！好一句活在当下！也就是无论当下得于失，都要开心,0,2025-02-05,22:34,1
494,梦醒时分,0,2025-02-06,11:16,0
494,你等什么等,0,2025-02-05,21:22,0
497,数据还没更新完,0,2025-02-05,15:10,0
498,还得看长期,0,2025-02-05,15:10,0
498,这几天要砸权重，社保要入场,0,2025-02-05,15:09,0
498,我真的被摔下去了……,0,2025-02-05,15:05,0
503,填个头啊！跌神,0,2025-02-05,14:08,0
504,补仓吧！下不去手补不适合买银行股,0,2025-02-08,15:38,0
504,拿到年底回本,0,2025-02-06,13:51,0
504,神仙也救不了你。,0,2025-02-06,13:38,0
504,怕啥。今天加仓2万股,0,2025-02-05,20:40,0
504,每次加仓在山顶吧 怎么这么高的成本,0,2025-02-05,14:47,0
504,亏着割了一部分，剩下的成本变高了,0,2025-02-05,17:29,1
504,扯犊子呢，本最高也就7.86左右。刚分红0.18每股。 不要大喊大叫，这票这个价位套不死你。也许过几年股票价格变成了5.5，你的成本却在5。拿着好好工作，该吃吃，该喝喝,0,2025-02-05,13:51,0
504,那就送他两个字“活该”,0,2025-02-06,13:23,1
504,你说的是持股不动的。他如果割肉一部分变10块都不奇怪。如果有10万股割剩下100股。哪成本上百块都有可能,0,2025-02-05,13:56,1
504,股价几年内不会到那个位置了,0,2025-02-05,13:28,0
504,会跌回6块 快跑,0,2025-02-05,12:41,0
504,成本一块多。还在努力的加仓想提升到2块。6块哪么遥远。要花多少钱才能到,0,2025-02-05,12:45,1
504,股息0.182元，成本7.8多元，8元多吓乎自己干啥？,0,2025-02-05,11:51,0
504,别慌，我进来陪你了,0,2025-02-05,11:22,0
504,我感觉会涨回来的，国内国有大银行走势跟这个的,0,2025-02-05,11:20,0
504,别慌，我进来陪你了,0,2025-02-05,11:22,1
504,分了红7.455,0,2025-02-05,11:08,0
504,你的本金的成本在分红后还是8.03元？,0,2025-02-05,12:27,1
504,那不是分自己的吗，还是亏钱，还是本8.03,0,2025-02-05,11:16,1
504,补,0,2025-02-05,11:08,0
506,哖想的，今天就想跌破7块钱，著急了吧，但周跌破7破可能性很大的，,0,2025-02-05,10:45,0
506,你想啥呐，我也想跌破7,0,2025-02-05,10:27,0
507,都去抢科技半导体了,0,2025-02-05,09:55,0
507,再加五元！,0,2025-02-05,09:28,0
508,还顺利个啥呀……又是亏的一天,0,2025-02-05,12:24,0
508,没事的，让他尽情的亏,0,2025-02-05,12:53,1
509,银行对大模型的热情源于人工智能大模型或将是银行数字化转型的重要驱动力。大模型被预期将深刻改变银行业的经营模式与服务模式，并进一步影响竞争格局。,0,2025-02-02,18:08,0
509,银行是DeepSeek概念的最大受益者,2,2025-02-02,23:33,0
509,数字货币涨停潮，数字金融,0,2025-02-02,16:59,0
509,优质低估买买买，长牛大牛就来了，自然而然。劣质高估买买买，大盘就那衰样。,2,2025-02-02,15:21,0
509,醒目点呀，别煲没米粥了。,0,2025-02-02,19:41,1
509,上次泡牛，太好赚了，你赚到了没？这一次，你岔道了没？,0,2025-02-02,19:38,1
509,绩效为王，有杀没赔。哎傻，艾傻，还不是傻？一样一样的呀，很肤浅的调调。,0,2025-02-02,15:15,0
509,绩效为王，把把赢，又不难。讲神讲鬼，逗我呢，单抽 老庄只能是输家。,0,2025-02-02,14:47,0
509,害怕 每个人都在被大模型算计,0,2025-02-02,14:34,0
509,搞不懂，那么多大模型。银行的大模型能做什么？,3,2025-02-02,13:37,0
509,它需要开销、消耗金钱的意思，或者说是找理由跌。,0,2025-02-06,20:13,1
509,许多平台的所谓智能机器人，回答客户的问题都是驴唇不对马嘴,7,2025-02-02,13:29,0
509,银行的DeePSeeK能成风口，宇信科技就飞了,0,2025-02-02,13:26,0
509,肯定会，就是不知道多久,0,2025-02-02,14:49,1
509,云从科技的从容大模型已经服务于银行,0,2025-02-02,13:16,0
509,绩效为王，把把赢，又不难。绝地难逃，爱卿何至于此？,0,2025-02-02,14:09,1
509,在风口上猪都能上天，看看寒武纪吧,0,2025-02-02,13:26,1
509,为牟利而乱价，牺牲股民和企业利益。优质低估买买买，长牛大牛就来了，为什么不？,1,2025-02-02,13:13,0
509,银行股市盈率才4.5倍至6.5倍，国外银行股市盈率是16倍，中国银行股价格严重低估了，2025年成市商业银行，农商银行小盘银行股大浮补涨,2,2025-02-02,12:59,0
509,对！优质低估继续涨，没钱的牛叉阴跌不止。新年牛牛，股市长虹，必然的。,0,2025-02-02,12:13,0
509,银行继续涨,3,2025-02-02,12:04,0
509,优质低估，牛哄哄的。击鼓传花 人人赚钱，企业焕发勃勃生机，太平盛世要来了。,1,2025-02-02,12:04,0
509,绩效为王！中行从2.96以来，加速度a，很顺滑的，直至1.4市净率。银行股、优质低估股，全部，就知道涨涨涨，庄家已被拎到一边了呀。,0,2025-02-02,11:55,0
509,银行数据喂给大模型？那干脆把通讯行业的数据也喂给大模型吧。。。那数据量更恐怖。,2,2025-02-02,11:19,0
511,已经调整了整整一个月,0,2025-02-01,12:28,0
512,投资者可关注股息率高、资产质量有较高安全边际的银行，以及零售资产占比高的银行。,8,2025-02-01,09:48,0
512,"要得要得要得！！！强烈支持！从重从严从快！！！特别重磅温馨提示： ＞ 依法惩治违法犯罪 资本市场强监管持续发力
2025年03月09日 07:07作者：本报记者 昝秀丽来源：中国证券报
----------------------
2025-03-09 08:47:11中国银行吧网站首页加收藏举＞根据《证券法》 请 @东方财富创作小助手 @股吧话题 必须彻查 #“股坛祝枝山”“股友773...",0,2025-03-09,11:10,1
512,"猛烈支持！从重从严从快！！！特别重磅温馨提示： ＞ 依法惩治违法犯罪 资本市场强监管持续发力
2025年03月09日 07:07作者：本报记者 昝秀丽来源：中国证券报
----------------------
2025-03-09 08:47:11中国银行吧网站首页加收藏举＞根据《证券法》 请 @东方财富创作小助手 @股吧话题 必须彻查 #“股坛祝枝山”“股友77323IP098” ...",0,2025-03-09,11:09,1
512,这么高的分红为啥要出,0,2025-03-09,15:41,0
512,银行股上涨动力来自于：（1）业绩稳定、行业风险小、分红收益远高于 银行利率、和理财，是存款移位买银行股（本人新入数十万资金 首选加仓银行股），估计两会后会出台继续降准和降息。（2）大银行股的分红率有上升空间，特别是新增两次分红的，分红可达利润的35％以上（可参考去年）。价值投资买跌不买涨，抓住每一次下跌机会，理想股价 分红收益大于5％，地方银行大于6％。,1,2025-03-09,09:34,0
512,买了就不打算卖，持有五个年头了，股价涨跌又如何，每年股息分红少不了，花不完依然买回它们，根本就不纠结它们顶底在何处？只知道起先时每年能领四万股息，现在能领七万了，以后一年年肯定会递增的，不知这种方法算不算投资？,1,2025-02-05,16:05,0
512,年年不派钱＇算什么投资啊,0,2025-03-09,15:22,1
512,都是一伙儿的。老乡别走，是为了让你接盘的,0,2025-02-05,15:41,0
512,兴业银行是保险，社保，机构建仓的重点股也是长期破净资产的股票，今年会有更多利好出来，不信等着看,0,2025-02-05,13:28,0
512,建议散户不参与银行股，我套了几年都回不了本,1,2025-02-05,12:07,0
512,你买高了，我一般都在“破净5折以下”才买，稳操胜券。小散观点 进攻参考。,1,2025-03-09,08:41,1
512,叫你买银行股，不就赚嗨了吗？偏不，你是垃圾，可不一定非买垃圾，你死蠢呀？,0,2025-02-05,12:16,1
512,今年该兴业涨了吧,1,2025-02-05,12:06,0
512,兴业我也有点，去年才涨了24点多。我还好，13.97买的，涨了44点多，（1916十1.04分红一13.97）/13.97=44.6%。,0,2025-02-05,12:55,1
512,去年银行把韭菜收够了，今年需要消化,1,2025-02-05,11:56,0
512,说的太业余，罗里吧嗦一大通没有说到点子上，净是一些外在和不牢靠的因素。中期分红不算实质利好，一元钱掰成两个五毛发两次而已；保险入市也不是长期利好，配置到位后就会停滞；那经济复苏呢一定是利好吗？未必！因为它意味着低利率政策可能改变。真正利好的内在且长期的原因中国处于长期的低利率及降息周期中：因为经济长期发展缓慢，消费不足，储蓄率太低，美国打压等原因，这就必然导致央行长期保持低利率，甚至继续降息，从而导致存款理财债券等收益越来越低。而银行着不然，其...,0,2025-02-05,11:48,0
512,就是呀，你这话唠，该怼呀。不错，继续加油！,0,2025-02-05,13:10,1
512,嘿嘿，我去年年化利率44.13%，前年27.32%，两年复合83.48%,0,2025-02-05,13:02,1
512,货真价实 童叟无欺，是市场畅旺的必由之路。四大行涨，或跌，牛熊一锤定音呀。,0,2025-02-04,20:02,0
512,货真价实 童叟无欺，市场畅旺的必由之路呀。是继续抠抠搜搜牟利，还是着眼于供端，边走边看呗。需端，源于供端，常识呀，也是炒股主修科目。,0,2025-02-04,19:57,0
512,如果银行涨百分之十 恐怕上证早就三千点以下了,0,2025-02-04,19:30,0
512,必将崩盘,0,2025-02-04,08:57,0
512,大盘是调整，价值回归是趋势，尘归尘土归土呀。优质低估牛哄哄的，击鼓传花 人人赚钱 股市长虹，要来了呀，是吧？,0,2025-02-04,09:07,1
512,银行股2025年大概率偏强的区间波动行情，主要由国债收益率，股息率，利润同比，不良资产率决定以及市值管理制度决定。,0,2025-02-04,08:00,0
512,公司盈利，不止倍增投资收益，势不可挡呀。看一下年复一年的盈利、盈利趋势，数据说话，好吧？,0,2025-02-04,09:21,1
512,要达到净资！,0,2025-02-03,15:19,0
512,还有30%的上涨空间。,1,2025-02-03,12:45,0
512,银行股价格太低是没有投资价值的，涨高才有投资价值，涨得越高越多人买越有投资价值，这是股票市场的规律，就像长江电力一样5元是没有投资价值的，现在涨到29元非常有投资价值。,1,2025-02-03,12:19,0
512,问题就在这里,0,2025-03-09,15:32,1
512,有道理，在低位没价值，涨上去就有价值。可可怜的小散。,0,2025-02-04,08:43,1
512,只要有5%股息就值得买,3,2025-02-03,11:04,0
512,肯定要回净资产,2,2025-02-03,08:18,0
512,硬拉指数，如果不是，未来经济形势可期,1,2025-02-03,01:41,0
512,银行股拿到10年以上会看到丰厚的回报！,9,2025-02-03,00:53,0
512,留给孙子的,0,2025-03-09,13:30,1
512,苏农银行4倍多市盈率，每年业绩复合两位数增长，既低估又成长，是长线投资的最佳选择,2,2025-02-02,14:37,0
512,浦发行，目标价位：22元以上，上升势头强劲！节后加大力度买入，坚守待收益！,1,2025-02-02,12:38,0
512,金融强则国强，银行股严重低估，股息率高则股价低，太不正常了。2025年到了银行股拨乱反正的时候了。,4,2025-02-02,11:22,0
512,银行不涨，大盘会是怎样？,1,2025-02-02,10:38,0
512,大盘不可能涨，就是炒亏损股，题材股来来回回，上上下下炒。,0,2025-02-03,11:57,1
512,来日高攀不起,2,2025-02-02,10:13,0
512,不可能,0,2025-02-02,09:32,0
512,银行还是市场上最低估值的，和国际对比还是只有他们一半到三分之一价格，目前存款利息这么低，银行股息率有的还5-6%，应该还会涨的,5,2025-02-02,09:07,0
512,市场就是这样，不涨高不买，涨得越高越买，股票价格太低是没有投资价值的，涨高才有投资价值。,0,2025-02-03,12:00,1
512,涨是散户炮灰空仓了，跌是因为大家手里有持股，你手里有几股卷商内资机构一清二楚,2,2025-02-02,07:19,0
